context_before,equation,context_after,spoken_English,latex_num_expressions,latex_total_length,latex_total_commands,latex_total_nesting_depth,latex_total_subscripts,latex_total_superscripts,latex_total_braces,latex_avg_complexity_score,latex_total_operators,pca_1,pca_2
It,$ t $,has the form,t,1,3,0,0,0,0,0,0.30000000000000004,0,-1.5320667200554465,-0.01481389381748181
The proof is designed so that the return times are the integers,$ n^2 $,for,n squared,1,5,0,0,0,1,0,1.5,0,-0.6248890963946476,-0.2183611910549197
The initial state will be denoted as,$ \ket { \psi ( 0 ) } =\ket { \mathcal { S } } $,", assumed at zero energy . The ring Hamiltonian in the single particle sector has",Ket psi of 0 equals ket mathcal S,1,46,4,2,0,0,6,13.600000000000001,1,7.353512313668377,0.3116503571518508
we find that we can compactly express the,$ M $,-tangle of a given state as [ see Appendix~,M,1,3,0,0,0,0,0,0.30000000000000004,0,-1.5320667200554465,-0.01481389381748181
&,$ $ & $ 1.18 \cdot 10^ { -2 } $ & $ $,&,1.18 times 10 to the power of negative 2.,3,25,1,1,0,1,2,2.5000000000000004,1,1.7202499935366773,67.49987708739332
with,$ a + b =k $,", every",a plus b equals k.,1,10,0,0,0,0,0,2.0,2,-0.2838723187572004,-0.576521460329797
* *,$ K $,_is compact,K,1,3,0,0,0,0,0,0.30000000000000004,0,-1.5320667200554465,-0.01481389381748181
and a codebook of size,$ K $,whose weights are,K,1,3,0,0,0,0,0,0.30000000000000004,0,-1.5320667200554465,-0.01481389381748181
,"$ i\in\ { 0,1 , \ldots , k-1\ } $",",",i belongs to the set of numbers from 0 to k minus 1.,1,31,2,1,0,0,2,8.6,1,3.2673912289662224,-0.032033356938554115
coherent in the sense that if one writes,"$ \eta =_ { B } p_ { \eta , \mu } \ : \forall\eta\in B ( \mu ) $",then,Eta equals sub B p sub eta comma mu for all eta in B of mu.,1,62,7,1,2,0,4,16.7,1,8.95096588604401,0.13670663412095602
where,$ C $,is a constant and,C,1,3,0,0,0,0,0,0.30000000000000004,0,-1.5320667200554465,-0.01481389381748181
on,$ X\cap Y $,. Then the obvious analogues of Propositions,X intersect Y,1,9,1,0,0,0,0,2.4,0,-0.6363572682091074,0.001231207400264684
we consider the evolution of the neutrino luminosity,$ L_ { \nu } $,"and its dependence on other relevant quantities . For an understanding of ejecta properties , we consider the flux of matter on a coordinate sphere of radius",L sub nu.,1,12,1,1,1,0,2,5.7,0,1.8110186892995774,0.2366870772587579
Times of access :,$ s $,} % 输入参数,s,1,3,0,0,0,0,0,0.30000000000000004,0,-1.5320667200554465,-0.01481389381748181
We make our analysis concrete by examining a setting where,$ N $,qubits are placed on a one-dimensional ( 1D ) regular lattice with tunable separation and couple to a bosonic bath . We show that engineering,N,1,3,0,0,0,0,0,0.30000000000000004,0,-1.5320667200554465,-0.01481389381748181
such that,$ \Phi ( \lambda ) -S ( \lambda ) \geq 0 $,for every,Phi of lambda minus S of lambda is greater than or equal to zero.,1,40,4,0,0,0,0,9.0,1,2.9782287381577137,-0.23203764730429968
Denote the eigenvalues of the Jacobian matrix at,$ \xi_j $,by,xi sub j.,1,7,1,0,1,0,0,3.2,0,-0.17243891573637143,0.0063874859169861485
we set the time step for the numerical integration to,$ \Delta t=0.02 $,"and use the trapezoidal rule as explained above . For the DGO part of the simulation , we use the solver described in",Delta t equals zero point zero two.,1,15,1,0,0,0,0,3.5,1,0.12123467898798858,-0.2792077337366194
,$ C ( v ) $,is an out-degree of a node,C of v,1,9,0,0,0,0,0,0.9,0,-1.2116793283403113,-0.013818272731225333
,$ v_ { \perp } =270 $,"km/s ,",v sub perpendicular equals 270.,1,19,1,1,1,0,2,6.9,1,2.622008535115863,-0.04358592703041681
as much loss as possible is contained in,$ J_i $,", which can then be removed by the single-dimensional transformations",J sub i.,1,5,0,0,1,0,0,1.5,0,-0.8545567731059536,-0.008993867909922706
This proves that,$ q $,is congruent to,q,1,3,0,0,0,0,0,0.30000000000000004,0,-1.5320667200554465,-0.01481389381748181
where,$ w_k $,"is the generic set element ,",w sub k,1,5,0,0,1,0,0,1.5,0,-0.8545567731059536,-0.008993867909922706
we mean that,$ B_\mathfrak { A } ^\prime B_\mathfrak { A } = I + \hinf $,microlocally in a neighborhood of,B sub A prime B sub A equals I plus h-inf.,1,57,4,1,2,1,4,16.2,2,8.603435767866067,-0.39033167335828717
Mounir Ghogho,$ ^ { 2 } $,",",squared.,1,9,0,1,0,1,2,3.9,0,1.3051706100221119,0.011772463439142612
with,$ \mu_1 ( \xi ) $,being the first eigenvalue of the following one-dimensional problem :,mu one of xi.,1,15,2,0,1,0,0,5.5,0,0.8300663333483461,0.022764460830151465
near,$ \rho = 1 $,. The reward rate satisfies,rho equals one.,1,10,1,0,0,0,0,3.0,1,-0.14575481410795735,-0.28003741797516646
where,$ \kappa : =\gamma_ { ss } $,", among fixed-length",kappa is defined as gamma sub s s.,1,26,2,1,1,0,2,9.1,1,3.571115885581391,-0.02737488896496088
and we see that the small-time asymptotic expansion of the heat kernel is a large-mass expansion if we hold,$ \Sigma $,fixed . It follows that each power of,Sigma.,1,8,1,0,0,0,0,2.3,0,-0.6897551668282966,0.001065270552555276
do not contain the variable,$ g ( x_0+\alpha_ { 2N } +\beta_ { 2N } ) $,. Repeating the expansion for,g of x sub 0 plus alpha sub 2N plus beta sub 2N,1,41,2,1,3,0,4,13.100000000000001,2,6.572677179688942,-0.21159152488473523
We performed,$ 1000 $,trials for every stimulus category and recorded the responses . From Figure,One thousand.,1,6,0,0,0,0,0,0.6000000000000001,0,-1.371873024197879,-0.014316083274353571
If an edge,$ e $,of,e,1,3,0,0,0,0,0,0.30000000000000004,0,-1.5320667200554465,-0.01481389381748181
&,"$ \Gamma_5 ( x , y ) + \Gamma_6 $",&,Gamma sub 5 open parenthesis x comma y close parenthesis plus Gamma sub 6,1,31,2,0,2,0,0,7.1,1,2.4884318297448327,-0.25265373477238384
,$ r_n ( x ) ' = a + b - 2x $,for,r sub n of x prime equals a plus b minus 2x.,1,26,0,0,1,0,0,5.1,3,1.5784127643429022,-0.8498128807774467
,$ \pi/4 \leq \alpha \leq \pi/2 $,", and the stellar radius ,","pi over four is less than or equal to alpha, which is less than or equal to pi over two.",1,30,5,0,0,0,0,8.5,2,3.25285678087537,-0.5022088730279299
This procedure results approximately in a sample size,$ k $,.,k,1,3,0,0,0,0,0,0.30000000000000004,0,-1.5320667200554465,-0.01481389381748181
control charts serve as standard tools for statistical quality control and are often used to detect if a manufacturing process enters an out-of-control phase by exceeding the chart upper limit,$ u $,or falling below the corresponding lower limit,u,1,3,0,0,0,0,0,0.30000000000000004,0,-1.5320667200554465,-0.01481389381748181
the obvious fact that everything not in,$ A_i $,or,A sub i.,1,5,0,0,1,0,0,1.5,0,-0.8545567731059536,-0.008993867909922706
which is still strictly pseudoconvex with,$ C^2 $,boundary . Hence we need to control the,C squared.,1,5,0,0,0,1,0,1.5,0,-0.6248890963946476,-0.2183611910549197
&,$ -5.91 $,&,negative five point nine one,1,7,0,0,0,0,0,1.2000000000000002,1,-0.8812705700967288,-0.2955847086497847
and two buyer 's actions,"$ \mathcal { A } \defeq \left\ { a_1 , a_2 \right\ } $",". % Moreover , let","script A is defined as the set containing a sub 1, and a sub 2.",1,52,4,1,2,0,4,15.2,0,6.865574924087394,0.37771371293718925
d,$ I $,/d,I,1,3,0,0,0,0,0,0.30000000000000004,0,-1.5320667200554465,-0.01481389381748181
the time-averaged error is much smaller than unity for all choices of distance,$ \Delta x $,. For higher,Delta x.,1,10,1,0,0,0,0,2.5,0,-0.5829593695899182,0.0013971442479740921
eqnarray Our numerical results indicate that the flipped,$ SU ( 6 ) $,unification of,S U six.,1,10,0,0,0,0,0,1.0,0,-1.1582814297211221,-0.013652335883515925
% When,$ h/J $,and,h divided by J,1,5,0,0,0,0,0,1.0,1,-0.9880663673351072,-0.2959165823452035
&,$ i-\text { W } 2 $,&,i minus W two,1,17,1,1,0,0,2,5.7,1,1.9444985881663697,-0.0494059529379759
these spectra lack structure along,$ t_2 $,and are highly symmetric as this example lies in the weak coupling extremum of the parameter regime and there is only minor dissipation .,t sub 2,1,5,0,0,1,0,0,1.5,0,-0.8545567731059536,-0.008993867909922706
Note,$ y\in C $,. Also note that any cube,y belongs to C.,1,8,1,0,0,0,0,2.3,0,-0.6897551668282966,0.001065270552555276
with,$ Z_ { \tmop { eff } } $,"the effective charge to be determined . On one hand , the polarization direction of the THz emission can be experimentally measured . Defining",Z sub top of eff,1,22,1,2,1,0,4,8.7,0,4.061465787431472,0.4678163528390767
any model with NRMSE on the training data above the tolerance of,$ 0.001 $,"is dropped from the ensemble , where NRMSE is defined as",0.001: None,1,7,0,0,0,0,0,0.7000000000000001,0,-1.3184751255786897,-0.014150146426644163
for,$ l \geq 2 $,odd ;,l is greater than or equal to 2.,1,10,1,0,0,0,0,2.5,0,-0.5829593695899182,0.0013971442479740921
em Let,$ G $,be a group with a variance,G,1,3,0,0,0,0,0,0.30000000000000004,0,-1.5320667200554465,-0.01481389381748181
A more troublesome connected set arises from the interplay between,$ \sigma $,and,Sigma.,1,8,1,0,0,0,0,2.3,0,-0.6897551668282966,0.001065270552555276
for any,$ k $,-scheme,k,1,3,0,0,0,0,0,0.30000000000000004,0,-1.5320667200554465,-0.01481389381748181
,$ N ( \mu ) $,is a monotonically increasing function as,N of mu.,1,11,1,0,0,0,0,2.6,0,-0.529561470970729,0.0015630810956835071
and,$ \hat { \sigma } _ { \rm A } $,. We can then see that the distribution of,sigma hat sub A.,1,29,3,1,1,0,4,10.4,0,4.491387046003724,0.35335953309624246
If,"$ \|A\|_ { \perp , r } \leq 1 + \eps $",and,"Norm of A, subscript perpendicular to r, is less than or equal to one plus epsilon.",1,36,3,1,1,0,2,11.6,1,4.680416931904486,-0.010666040356376727
Every aspherical cell complex with fundamental group,$ G $,has more than,G,1,3,0,0,0,0,0,0.30000000000000004,0,-1.5320667200554465,-0.01481389381748181
,$ \beta $,",",Beta.,1,7,1,0,0,0,0,2.2,0,-0.7431530654474858,0.0008993337048458608
We write,$ \bfQ $,for the transition kernel of the jump-time process . We observe that for all,Q,1,6,1,0,0,0,0,2.1,0,-0.796550964066675,0.0007333968571364458
% Let,$ \pi ( x ) $,be the converged controller of,pi of x.,1,11,1,0,0,0,0,2.6,0,-0.529561470970729,0.0015630810956835071
and,$ t=1 $,", satisfying",t equals one.,1,5,0,0,0,0,0,1.0,1,-0.9880663673351072,-0.2959165823452035
is moving with velocity,"$ ( 0 , 0 , 0.1 ) $",in background electrons with temperature,Open parenthesis zero comma zero comma zero point one close parenthesis.,1,17,0,0,0,0,0,1.7000000000000002,0,-0.7844961393867976,-0.01249077794955004
where,$ Q_\xi $,is the Noether -- Wald charge . The variation of the codimension-2 charges is given by,Q sub xi.,1,7,1,0,1,0,0,3.2,0,-0.17243891573637143,0.0063874859169861485
is the neighborhood of,$ \mathcal { E } _0 $,given by Proposition,E naught.,1,19,1,1,1,0,2,6.4,0,2.184803979633902,0.23784863519272378
The Critic network estimates the action-value function,"$ Q ( s , a ) $",". It 's updated by minimizing the mean squared error between its current estimate and the target value , calculated using a Bellman-like target :","Q of s, a",1,13,0,0,0,0,0,1.3,0,-0.9980877338635545,-0.013154525340387701
: the populations obtained with,$ \Gamma_1 $,and,Gamma one.,1,10,1,0,1,0,0,3.5,0,-0.012245219878803807,0.00688529646011438
is not connected in,$ X $,. By,X,1,3,0,0,0,0,0,0.30000000000000004,0,-1.5320667200554465,-0.01481389381748181
to the border case,$ p=1 $,and to the transport-diffusion equation,p equals one.,1,5,0,0,0,0,0,1.0,1,-0.9880663673351072,-0.2959165823452035
over the value above,$ \epsilon_ { \rm UL } ( f ) $,. %,Epsilon sub UL of f.,1,28,2,1,1,0,2,8.8,0,3.2407071273378083,0.25439154695359856
so it is isomorphic to either,$ \bZ_6 $,or the symmetric group,b Z sub 6,1,7,1,0,1,0,0,3.2,0,-0.17243891573637143,0.0063874859169861485
em for each,$ k\in \mathbb\ { Z $,", a homomorphism of",k belongs to the set of integers.,1,19,2,1,0,0,1,6.9,0,1.8784319100962301,0.20553367853035126
is symmetric with respect to,$ x=\frac { 1 } { 2 } $,", we have",x equals one-half.,1,21,1,1,0,0,4,6.1,1,2.7800501425586495,0.035010363616306266
where,$ D^g_ { \mu } $,",",D raised to the power of g sub mu.,1,14,1,1,1,1,2,6.9,0,2.718196312960376,0.03313978002131997
&,$ 0 $,& 0.1 &,zero,1,3,0,0,0,0,0,0.30000000000000004,0,-1.5320667200554465,-0.01481389381748181
,$ t_ { 2g } $,"manifold , can weakly break the degeneracy and create a trigonal distortion . Our electronic structure calculations confirm prior work and extend their validity to incorporate possible non-colinear magnetism and",t sub 2g,1,11,0,1,1,0,2,4.1,0,1.1822987305491843,0.22147166027955847
if the forms,$ A $,and,A,1,3,0,0,0,0,0,0.30000000000000004,0,-1.5320667200554465,-0.01481389381748181
on the one hand and when,$ u $,is separable on the other hand .,u,1,3,0,0,0,0,0,0.30000000000000004,0,-1.5320667200554465,-0.01481389381748181
we have the limit,$ A ( t ) \to \infty $,",",A of t goes to infinity.,1,20,2,0,0,0,0,5.0,0,0.5263416767331777,0.01810599285655824
,"$ u_ { i,1 } =\dfrac { 1 } { \sqrt { n } } $",", for all",u sub i comma 1 equals one over the square root of n.,1,42,2,2,1,0,8,12.7,1,7.385870295259466,0.37225514602850346
links attached to a site,$ x $,and,x,1,3,0,0,0,0,0,0.30000000000000004,0,-1.5320667200554465,-0.01481389381748181
We pick,$ \Delta > 0 $,", and a sharpness example to the",Delta is greater than zero.,1,12,1,0,0,0,0,3.2,1,-0.038959016869578963,-0.27970554427974764
in order to control the exponential tail behavior of,$ X $,by its second moment and facilitate our proofs . Notice that the covariate vector,X,1,3,0,0,0,0,0,0.30000000000000004,0,-1.5320667200554465,-0.01481389381748181
also be the polar axis coordinate and that it takes unit increments in the range,$ -j \leq m \leq j $,. This gives the relation,"Negative j is less than or equal to m, which is less than or equal to j.",1,18,2,0,0,0,0,3.8,1,0.6528308482731437,-0.2657872182168868
: one can consider a set,$ A $,of allele types ; the allele,A,1,3,0,0,0,0,0,0.30000000000000004,0,-1.5320667200554465,-0.01481389381748181
of the feature matrix~,$ V $,and approximating~ %,V,1,3,0,0,0,0,0,0.30000000000000004,0,-1.5320667200554465,-0.01481389381748181
the singular Nakajima quiver variety,"$ \CM_ { \Pi_Q , \dd } $",is irreducible of dimension,"M-C sub Pi sub Q, d d",1,22,3,1,2,0,2,10.7,0,4.0663559454649905,0.27393355821097237
over,$ X $,such that,X,1,3,0,0,0,0,0,0.30000000000000004,0,-1.5320667200554465,-0.01481389381748181
849 \\ % HDB & HD &,$ 3 $,&,three,1,3,0,0,0,0,0,0.30000000000000004,0,-1.5320667200554465,-0.01481389381748181
where,$ S $,is the simplicial set with,S,1,3,0,0,0,0,0,0.30000000000000004,0,-1.5320667200554465,-0.01481389381748181
can be considered as a linear vector space of,$ n $,-dimension over the field,n,1,3,0,0,0,0,0,0.30000000000000004,0,-1.5320667200554465,-0.01481389381748181
and,$ \gamma > 0 $,", define",Gamma is greater than zero.,1,12,1,0,0,0,0,3.2,1,-0.038959016869578963,-0.27970554427974764
Let,$ A $,"be a C * -algebra , and let",A,1,3,0,0,0,0,0,0.30000000000000004,0,-1.5320667200554465,-0.01481389381748181
The accuracy for the most successful,$ \ell_ { \infty } $,and,ell sub infinity.,1,18,2,1,1,0,2,7.8,0,2.7067281411459168,0.2527321784765044
then implies that,$ \smatwo { A } { B } $,"is the zero matrix ; that is ,",sigma two A over B,1,21,1,1,0,0,4,5.6,0,2.3428455870766887,0.3164449258394469
represent the `` probability of,$ H $,"'' in any sense . So , a not-small ( resp.~small ) p-value can not be interpreted as direct support for",H,1,3,0,0,0,0,0,0.30000000000000004,0,-1.5320667200554465,-0.01481389381748181
such that,$ \varphi\colon\Sigma\to M_C $,and,"Phi, colon, Sigma, to, M sub C.",1,28,4,0,1,0,0,9.8,0,2.6748831356602136,0.05502060011335387
Given that we maintain loop corrections to,$ \mathcal { O } ( \mu_I^2 ) $,", an order that is already present at tree-level , the stability conditions ensure that the condensates remain at their tree-level values . Quantum corrections that may shift the condensates",Big O of mu I squared,1,28,2,1,1,1,2,9.8,0,4.041088953760229,0.05051237602074177
for a specific dataset by sampling ciphertexts of this dataset and then generating their recovered images using,$ \mathbf { n } $,or,n.,1,15,1,1,0,0,2,5.0,0,1.4004982354460305,0.23169673558974585
with,$ 0 \leq f \leq 1 $,and,"Zero is less than or equal to f, which is less than or equal to one.",1,17,2,0,0,0,0,3.2,0,0.16222839417199358,0.015481407158544371
H,$ 1 $,) and ( H,one,1,3,0,0,0,0,0,0.30000000000000004,0,-1.5320667200554465,-0.01481389381748181
is a subgraph of,$ G ' $,. Note that,the derivative of G.,1,5,0,0,0,0,0,0.5,0,-1.4252709228170681,-0.014482020122062993
given a large set,$ \mathcal { L } $,"of around 10,000 possible types",ell,1,16,1,1,0,0,2,5.1,0,1.4538961340652197,0.23186267243745526
while the proposed formulation could offer a new perspective on the relationship between,$ f ( R ) $,gravity and scalar-tensor theories .,f of R,1,9,0,0,0,0,0,0.9,0,-1.2116793283403113,-0.013818272731225333
this procedure amounts to rewrite,"$ \cZ ( k , q ) $",as,"Z of k, q.",1,15,1,0,0,0,0,3.0,0,-0.3159698764939723,0.0022268284865211534
only with probability less than,$ \delta > 0 $,after following some estimation procedure up to a stopping time,Delta is greater than zero.,1,12,1,0,0,0,0,3.2,1,-0.038959016869578963,-0.27970554427974764
uniformly with respect to,$ \delta $,for any,delta.,1,8,1,0,0,0,0,2.3,0,-0.6897551668282966,0.001065270552555276
encode the power stage of RE-unit,$ r $,in timestep,r,1,3,0,0,0,0,0,0.30000000000000004,0,-1.5320667200554465,-0.01481389381748181
and,$ X $,be a smooth connected variety over,X,1,3,0,0,0,0,0,0.30000000000000004,0,-1.5320667200554465,-0.01481389381748181
12E+20 & 1 \\ 264 & 01792,$ + $,0296,plus,1,3,0,0,0,0,0,0.8,1,-1.0948621645734855,-0.2962484560406224
where,$ \widetilde { X } _i $,are defined as in,X tilde sub i.,1,21,1,1,1,0,2,6.6,0,2.2915997768722804,0.2381805088881426
is a function of the,"$ ( d_1 , \dots , d_k ) $",so,"Open parenthesis, d sub 1, comma, ellipsis, comma, d sub k, close parenthesis.",1,23,1,0,2,0,0,5.800000000000001,0,1.2526416118817703,0.014530627692477028
Using the basic properties of the projection operator,$ \Pi_n $,", we obtain",Pi sub n.,1,7,1,0,1,0,0,3.2,0,-0.17243891573637143,0.0063874859169861485
and,$ g $,,g,1,3,0,0,0,0,0,0.30000000000000004,0,-1.5320667200554465,-0.01481389381748181
,$ \varphi $,can be viewed as a spatially localized source of pressure translating above the fluid . See Figure~,phi.,1,9,1,0,0,0,0,2.4,0,-0.6363572682091074,0.001231207400264684
10,$ ^ { -7 } $,,Negative seven.,1,10,0,1,0,1,2,4.5,1,1.795773064123262,-0.2694961619362885
28,$ \pm $,"0.05 , respectively.",Plus or minus.,1,5,1,0,0,0,0,2.0,0,-0.8499488626858642,0.0005674600094270377
Suppose that,$ \Omega $,",",Omega.,1,8,1,0,0,0,0,2.3,0,-0.6897551668282966,0.001065270552555276
and,$ \|U\|^ { -1 } \leq\beta^ { -1 } $,,The norm of U inverse is less than or equal to beta inverse.,1,33,2,1,0,2,4,11.3,2,6.034115194446925,-0.6371418181685448
and let,$ c $,be a cusp of,c,1,3,0,0,0,0,0,0.30000000000000004,0,-1.5320667200554465,-0.01481389381748181
be a compact set in a Hilbert space,$ H $,. Suppose that the map,H,1,3,0,0,0,0,0,0.30000000000000004,0,-1.5320667200554465,-0.01481389381748181
An error-correction module for the code defined by the isometry,$ U $,is a family of circuit,U,1,3,0,0,0,0,0,0.30000000000000004,0,-1.5320667200554465,-0.01481389381748181
We recall that an induced subgraph of,$ \mathbb Z^d $,is said to be padded if all of its boundary points share the same parity . %,Zee to the power of dee,1,13,1,0,0,1,0,3.8,0,0.3776161526900698,-0.20198421614175438
be a prime-to-,$ p $,integral ideal and,p,1,3,0,0,0,0,0,0.30000000000000004,0,-1.5320667200554465,-0.01481389381748181
In order to obtain comparable values for different numbers,$ K $,"of classes ,",K,1,3,0,0,0,0,0,0.30000000000000004,0,-1.5320667200554465,-0.01481389381748181
to those of the Milnor fibers of,$ F $,and,F,1,3,0,0,0,0,0,0.30000000000000004,0,-1.5320667200554465,-0.01481389381748181
it could be the case that there are many more injective objects in,$ \mc { E } $,than in,E,1,11,1,1,0,0,2,4.6,0,1.1869066409692735,0.2310329881989082
44,$ \pm $,2.3 & 88.09,Plus or minus.,1,5,1,0,0,0,0,2.0,0,-0.8499488626858642,0.0005674600094270377
We denote by,$ V $,the family of datasets . We consider a symmetric neighborhood relationship,V,1,3,0,0,0,0,0,0.30000000000000004,0,-1.5320667200554465,-0.01481389381748181
&,$ 1.16 $,&,1.16: One point one six.,1,6,0,0,0,0,0,0.6000000000000001,0,-1.371873024197879,-0.014316083274353571
Partial identification with,$ T $,periods } In this general,T,1,3,0,0,0,0,0,0.30000000000000004,0,-1.5320667200554465,-0.01481389381748181
em Each horizontal rhombus containing,$ \alpha $,gets the weight,Alpha.,1,8,1,0,0,0,0,2.3,0,-0.6897551668282966,0.001065270552555276
and,$ y $,"are variables regarding the cells of the table ,",y,1,3,0,0,0,0,0,0.30000000000000004,0,-1.5320667200554465,-0.01481389381748181
we also know that,$ v_i $,is adjacent in~,v sub i,1,5,0,0,1,0,0,1.5,0,-0.8545567731059536,-0.008993867909922706
designates that the support of,$ A $,is contained in that of,A,1,3,0,0,0,0,0,0.30000000000000004,0,-1.5320667200554465,-0.01481389381748181
and the classification of bubble-sheet ovals in,$ \mathbb { R } ^4 $,"by B. Choi , Du , Daskalopoulos , Sesum and the second author",R to the power of 4.,1,18,1,1,0,1,2,6.3,0,2.3610737577260186,0.02831537520001734
that takes as input,$ s $,and produces predicted action,s,1,3,0,0,0,0,0,0.30000000000000004,0,-1.5320667200554465,-0.01481389381748181
: If,$ d = 0 $,", then",d equals zero.,1,7,0,0,0,0,0,1.2000000000000002,1,-0.8812705700967288,-0.2955847086497847
and coupling,$ g_E $,", where the top quarks and hyperfermions",g sub E.,1,5,0,0,1,0,0,1.5,0,-0.8545567731059536,-0.008993867909922706
near the line,$ s = 1 $,", we introduce the modified transfer operators",s equals one,1,7,0,0,0,0,0,1.2000000000000002,1,-0.8812705700967288,-0.2955847086497847
* * Proof that the angle bisectors of,$ \triangle ABC $,are concurrent,Triangle ABC.,1,15,1,0,0,0,0,3.0,0,-0.3159698764939723,0.0022268284865211534
the prediction for the secondary positron flux is below the data also for very small values of the diffusive halo,$ L $,. The secondary flux for values of,L,1,3,0,0,0,0,0,0.30000000000000004,0,-1.5320667200554465,-0.01481389381748181
is the critical point of,$ L $,". For simplicity , we introduce the following notations . Let",L,1,3,0,0,0,0,0,0.30000000000000004,0,-1.5320667200554465,-0.01481389381748181
the complementary slackness condition for,$ \lambda $,is then satisfied . For all,Lambda.,1,9,1,0,0,0,0,2.4,0,-0.6363572682091074,0.001231207400264684
In these conditions we find the optimized unit cell parameters to be,$ a = b = 3.03 $,~,a equals b equals 3.03,1,14,0,0,0,0,0,2.4000000000000004,2,-0.07028072428044352,-0.5758577129389594
and,$ i $,bands from LAMOST DR5 data for the validation of SSF-dM . Figure~,i,1,3,0,0,0,0,0,0.30000000000000004,0,-1.5320667200554465,-0.01481389381748181
9 : For every,$ m $,", the equivalence relation",m,1,3,0,0,0,0,0,0.30000000000000004,0,-1.5320667200554465,-0.01481389381748181
as,$ n\to\infty $,. %,n tends to infinity,1,12,2,0,0,0,0,4.2,0,0.0991584877796639,0.016778498074882946
% obtain an,$ \epsilon $,-precise estimate of,epsilon.,1,10,1,0,0,0,0,2.5,0,-0.5829593695899182,0.0013971442479740921
for,$ f $,", such that for any absolutely continuous mapping",f,1,3,0,0,0,0,0,0.30000000000000004,0,-1.5320667200554465,-0.01481389381748181
for,"$ i=1 , \ldots , m $",. The corresponding likelihood and marginal distributions are,"i equals 1, dot dot dot, m.",1,18,1,0,0,0,0,3.8,1,0.2814283748455561,-0.27870992319349114
are exactly the endomorphisms generated by the action of,$ P_ { k } ( n ) $,", and vice versa . This is summarized in the following theorem due to",P sub k of n,1,16,0,1,1,0,2,4.6,0,1.4492882236451303,0.22230134451810551
and,$ t_N $,. Define,t sub N,1,5,0,0,1,0,0,1.5,0,-0.8545567731059536,-0.008993867909922706
implies that,$ \rho = 1 $,". The transition matrix that we use specializes to the following ones when there are three , four , or five states :",rho equals one.,1,10,1,0,0,0,0,3.0,1,-0.14575481410795735,-0.28003741797516646
demanding Lorentz invariance of the quantum theory of these superstrings singles out the critical dimension,$ D=10 $,". Instead of starting with the introduction of the classical GS superstring in general dimensions , and proving that we must have",D equals ten.,1,6,0,0,0,0,0,1.1,1,-0.9346684687159182,-0.29575064549749414
and the length,$ l $,is given by,l,1,3,0,0,0,0,0,0.30000000000000004,0,-1.5320667200554465,-0.01481389381748181
by conditional independence and the fact that,$ \norm { u } _ { \infty } \leq 1 $,". Thus ,",Norm of u sub infinity is less than or equal to 1.,1,33,3,1,1,0,4,10.8,0,4.704978640480481,0.3540232804870801
We let,$ \mu_ { t } $,and,mu sub t.,1,12,1,1,1,0,2,5.7,0,1.8110186892995774,0.2366870772587579
-band upper limitation as,$ -15 $,Mag &,Negative fifteen.,1,5,0,0,0,0,0,1.0,1,-0.9880663673351072,-0.2959165823452035
&,$ t_ { peak } $,&,t sub peak,1,13,0,1,1,0,2,4.3,0,1.2890945277875627,0.22180353397497726
The preceding discussion explains at which level of the hierarchy it makes sense to consider the properties of unimodality and log-concavity for,$ h^ * $,-polynomials . Regarding,h star,1,6,0,0,0,1,0,2.1,1,-0.1342866422934977,-0.4996298164303508
centered at the midpoint of,$ e $,", and the endpoints of",e,1,3,0,0,0,0,0,0.30000000000000004,0,-1.5320667200554465,-0.01481389381748181
and the larger,$ n $,"is , the more obvious the effect is .",n,1,3,0,0,0,0,0,0.30000000000000004,0,-1.5320667200554465,-0.01481389381748181
we need simply to calculate their dot product and then add,$ b $,". Afterwards , an activation function , such as sigmoid or relu , is applied to",b,1,3,0,0,0,0,0,0.30000000000000004,0,-1.5320667200554465,-0.01481389381748181
\Else \State Compute the splitting direction,$ d $,,d,1,3,0,0,0,0,0,0.30000000000000004,0,-1.5320667200554465,-0.01481389381748181
for any,$ i\ne j $,". Therefore , if there is a linking",i is not equal to j,1,8,1,0,0,0,0,2.3,0,-0.6897551668282966,0.001065270552555276
For each,$ n > 0 $,", let",n greater than zero.,1,7,0,0,0,0,0,1.2000000000000002,1,-0.8812705700967288,-0.2955847086497847
&,$ -8.58^ { +0.37 } _ { -0.35 } $,&,"Negative 8.58 raised to the power of positive 0.37, sub negative 0.35.",1,30,0,1,1,1,4,8.5,3,4.930814257097605,-0.7398058280527966
happen in a time interval of length,$ t $,is given by,t,1,3,0,0,0,0,0,0.30000000000000004,0,-1.5320667200554465,-0.01481389381748181
th BS and the,$ u $,th UE is denoted as,u,1,3,0,0,0,0,0,0.30000000000000004,0,-1.5320667200554465,-0.01481389381748181
and the reconstructed WZ frame,$ \hat { x } _ { kN+i } $,". Therefore , we use the following loss function consisting of two metrics for training :",hat x sub k N plus i.,1,23,1,1,1,0,4,7.300000000000001,1,3.4575600895081426,0.040830389523865356
for all,$ r > 0 $,. For simplicity we shall let,r greater than zero,1,7,0,0,0,0,0,1.2000000000000002,1,-0.8812705700967288,-0.2955847086497847
This mixed third moment serves as an indicator of the joint asymmetry of,$ X $,and,X,1,3,0,0,0,0,0,0.30000000000000004,0,-1.5320667200554465,-0.01481389381748181
and a polynomial,$ g $,in,g,1,3,0,0,0,0,0,0.30000000000000004,0,-1.5320667200554465,-0.01481389381748181
whereas our proposed method uses only MLM,$ _ { \textit { temp } } $,and thus does,sub temp,1,24,1,2,1,0,4,8.9,0,4.1682615846698505,0.4681482265344955
&,$ \checkmark $,& -- & -- & 0,Checkmark.,1,12,1,0,0,0,0,2.7,0,-0.47616357235153983,0.0017290179433929222
&,$ 1 $,&,one,1,3,0,0,0,0,0,0.30000000000000004,0,-1.5320667200554465,-0.01481389381748181
There are,$ N $,"civilians in the closed arena , where",N,1,3,0,0,0,0,0,0.30000000000000004,0,-1.5320667200554465,-0.01481389381748181
to 45,$ m/s $,in increments of 5,m per second,1,5,0,0,0,0,0,1.0,1,-0.9880663673351072,-0.2959165823452035
it is better to mention the universality of the,$ r $,-process solar abundance . },r,1,3,0,0,0,0,0,0.30000000000000004,0,-1.5320667200554465,-0.01481389381748181
marks maps mapping from a domain of,$ p $,"-cycles and the exponent labels the Mayer-Vietoris sequence the subsequence was extracted from . We now discuss the maps featuring in these subsequences . First , recall that the boundary",p,1,3,0,0,0,0,0,0.30000000000000004,0,-1.5320667200554465,-0.01481389381748181
the use of multiple resolved line profiles allows us to determine the value of,$ M_\text { DDT } $,as well as the viewing angle . In the case of SN~2021aefx we use the two strongest features : [,M sub DDT.,1,17,1,1,1,0,2,6.2,0,2.0780081823955237,0.23751676149730494
Let,"$ a ( \cdot , \cdot ) $",and,a times the quantity with a center dot as the first argument and a center dot as the second argument.,1,21,2,0,0,0,0,3.6,0,0.3758199886487504,0.016145154549382017
for all,$ 1\le i \le r $,", then Algorithm Hidden Partition recovers all","One is less than or equal to i, which is less than or equal to r.",1,14,2,0,0,0,0,2.9000000000000004,0,0.002034698314426031,0.014983596615416126
is equivalent to an,$ n $,-finite good,n,1,3,0,0,0,0,0,0.30000000000000004,0,-1.5320667200554465,-0.01481389381748181
for,"$ c\in [ 0,1 ] $",and,c belongs to the interval from 0 to 1.,1,14,1,0,0,0,0,2.9000000000000004,0,-0.36936777511316143,0.0020608916388117383
We observe the same correspondence between the local maxima of,"$ \calW_ { 2,1 } $",and the times at which,"W sub 2,1",1,16,1,1,1,0,2,6.1,0,2.024610283776334,0.23735082464959553
the time variable,$ t $,"requires a scaling field as well . The most natural guess , which also turns out to be the correct one in most cases , is to rescale",t,1,3,0,0,0,0,0,0.30000000000000004,0,-1.5320667200554465,-0.01481389381748181
and this probability depends continuously on the,$ \alpha_ { ij } $,"values ; while the upstream species from fluctuating species are extinct in the minimal model , and so adding some level of bi-directionality would not affect them . Furthermore ,",Alpha sub i j.,1,16,1,1,1,0,2,6.1,0,2.024610283776334,0.23735082464959553
&,$ \mu $,,mu.,1,5,1,0,0,0,0,2.0,0,-0.8499488626858642,0.0005674600094270377
We form,$ { M_T } $,by triangulating this 3D geometry . The resolution of,M subscript T,1,9,0,1,1,0,2,3.9,0,1.075502933310806,0.22113978658413963
The fact that,$ F $,is positively 1-homogeneous follows from the observation that for all,F,1,3,0,0,0,0,0,0.30000000000000004,0,-1.5320667200554465,-0.01481389381748181
,$ D_R ( d_1 ) ( q ) =p_x \ ; \text { and } \ ; D_R ( d_0 ) ( q ) =p_y . $,,D sub R of d sub 1 of q equals p sub x and D sub R of d sub 0 of q equals p sub y.,1,71,1,1,6,0,2,17.6,2,8.689474567351235,-0.2889510121119665
,"$ \ { 1,2,3,4,5\ } $",for Question 2 .,"The set containing the elements 1, 2, 3, 4, and 5.",1,18,0,1,0,0,2,3.8,0,0.9853698711723942,0.21714506600138406
,$ e_ { ij } $,via a fully-connected layer,e sub i j.,1,11,0,1,1,0,2,4.1,0,1.1822987305491843,0.22147166027955847
and there are exactly,$ 37 $,reorientation classes with,37,1,4,0,0,0,0,0,0.4,0,-1.4786688214362573,-0.014647956969772401
,$ k=1 $,",",k equals one.,1,5,0,0,0,0,0,1.0,1,-0.9880663673351072,-0.2959165823452035
,$ C $,",",C,1,3,0,0,0,0,0,0.30000000000000004,0,-1.5320667200554465,-0.01481389381748181
to a,$ n_ { h } $,"high % % % dimensional feature space , would be projected to a low",n subscript h,1,10,0,1,1,0,2,4.0,0,1.1289008319299951,0.22130572343184904
gives rise to a,$ ( 2I+1 ) $,"-fold increase in the number of molecular basis states , leading to a several-fold increase in the number of scattering channels . % The real increase in the number of",two times I plus one.,1,10,0,0,0,0,0,1.5,1,-0.7210768742391612,-0.29508689810665645
and,$ v $,in,v,1,3,0,0,0,0,0,0.30000000000000004,0,-1.5320667200554465,-0.01481389381748181
,$ \mu_S $,",",mu sub S.,1,7,1,0,1,0,0,3.2,0,-0.17243891573637143,0.0063874859169861485
&,$ 6.0 $,,six point zero.,1,5,0,0,0,0,0,0.5,0,-1.4252709228170681,-0.014482020122062993
the metric has a coordinate singularity at both,$ r_- $,and,r minus,1,5,0,0,1,0,0,2.0,1,-0.4173522176239928,-0.29042843013306324
we use Hölder inequality for,$ p > 1 $,:,p greater than 1,1,7,0,0,0,0,0,1.2000000000000002,1,-0.8812705700967288,-0.2955847086497847
,$ H^p $,",",H raised to the power of p.,1,5,0,0,0,1,0,1.5,0,-0.6248890963946476,-0.2183611910549197
Contour of integration in the,$ s $,plane . The original ( magenta ) contour around the ( black ) square root cut on,s,1,3,0,0,0,0,0,0.30000000000000004,0,-1.5320667200554465,-0.01481389381748181
the Lipschitz constant,$ L $,is no more than,L,1,3,0,0,0,0,0,0.30000000000000004,0,-1.5320667200554465,-0.01481389381748181
and,$ j = 1/2 $,", so the formula simplifies to",j equals one-half.,1,9,0,0,0,0,0,1.9,2,-0.3372702173763896,-0.5766873971775065
is the continued fraction expansion of,$ \theta $,. The,Theta.,1,8,1,0,0,0,0,2.3,0,-0.6897551668282966,0.001065270552555276
reads,$ S $,"block by block , and sends each block to the join operator . As the most rewarding block of",S,1,3,0,0,0,0,0,0.30000000000000004,0,-1.5320667200554465,-0.01481389381748181
indicates the pre-quantized angular momentum of system,$ A $,". In other words ,",A,1,3,0,0,0,0,0,0.30000000000000004,0,-1.5320667200554465,-0.01481389381748181
if there exists a common,$ x^ * \in \mathbb { R } ^d $,such that,x star belongs to the set of real numbers raised to the power of d.,1,27,2,1,0,2,2,10.2,1,4.654563287334306,-0.4404554461951052
05 &,$ - $,&,minus,1,3,0,0,0,0,0,0.8,1,-1.0948621645734855,-0.2962484560406224
and vary the number of delay steps,$ m $,". Second , to measure the models ' sequential memory capacity , we set",m,1,3,0,0,0,0,0,0.30000000000000004,0,-1.5320667200554465,-0.01481389381748181
constant-,$ Q $,profiles with the integration of,Q,1,3,0,0,0,0,0,0.30000000000000004,0,-1.5320667200554465,-0.01481389381748181
with respect to,$ \theta $,", we have",Theta.,1,8,1,0,0,0,0,2.3,0,-0.6897551668282966,0.001065270552555276
The set,$ X\backslash \operatorname { Reg } ( X ) $,of all singular points of,X backslash the operatorname Reg of X,1,41,2,1,0,0,2,9.100000000000001,0,3.3641656596761536,0.2510605737616806
as,$ \ell\to\infty $,is shown for the solution,ell tends to infinity.,1,15,3,0,0,0,0,6.0,0,0.8346742437684354,0.032325788749501205
The step,$ \mathbf { y } _k $,"is called the extrapolation step . Also , recall that",y sub k.,1,18,1,1,1,0,2,6.3,0,2.131406081014713,0.23768269834501438
86,$ \pm $,0.70 & < 1.0 &,Plus or minus.,1,5,1,0,0,0,0,2.0,0,-0.8499488626858642,0.0005674600094270377
a spontaneous time-reversal symmetry breaking at,$ T_c $,has been observed by muon spin relaxation~,T c.,1,5,0,0,1,0,0,1.5,0,-0.8545567731059536,-0.008993867909922706
approaching the target manifold when,$ \tau $,becomes odd multiple of,Tau.,1,6,1,0,0,0,0,2.1,0,-0.796550964066675,0.0007333968571364458
in which case,"$ \MCdg ( 0 , \varnothing ) $","is the zero dg category . In particular , it is not hard to check that all maps","MCD of zero, empty set.",1,27,2,0,0,0,0,5.7,0,0.900126967067502,0.019267550790524123
approximately,"$ 25~\mathrm\ { km\ , s\^\ { \-1 $",in width . The spiral arm exhibits clear visible clumpy structures in both,25 kilometers per second.,1,32,1,2,0,1,2,10.2,1,4.6403570459011085,-0.10507873321541132
We illustrate the construction of,$ A_d $,for,A sub d.,1,5,0,0,1,0,0,1.5,0,-0.8545567731059536,-0.008993867909922706
is required to reach the first plateau at,$ m=1/4 $,. The finite size effect on the plateau width is negligible as shown in the Fig.~,m equals one-fourth.,1,7,0,0,0,0,0,1.7000000000000002,2,-0.44406601461476813,-0.5770192708729253
with,$ l_1 $,"entangling cycles ,",l sub 1,1,5,0,0,1,0,0,1.5,0,-0.8545567731059536,-0.008993867909922706
Let,$ n\in\mathbb { N } $,and,n belongs to the set of natural numbers.,1,19,2,1,0,0,2,6.9,0,2.1894118900539916,0.24740996311207353
When the top 10 authors as per,$ h $,"-index are considered , distribution is for the most part linear , a logical consequence of index",h,1,3,0,0,0,0,0,0.30000000000000004,0,-1.5320667200554465,-0.01481389381748181
,$ \partial A $,of an,Partial A.,1,12,1,0,0,0,0,2.7,0,-0.47616357235153983,0.0017290179433929222
and the preamble set,$ \mathcal { P } $,. This can be alternatively viewed as a decoding problem in a traditional point to point communication channel as follows : The source message is the activity status vector,P in calligraphic font.,1,16,1,1,0,0,2,5.1,0,1.4538961340652197,0.23186267243745526
incident on,$ i_s $,and,i sub s,1,5,0,0,1,0,0,1.5,0,-0.8545567731059536,-0.008993867909922706
The results of ML algorithms with 21SSD simulation for,$ f_X=3 $,are shown in this figure . The dots show the results of the 21SSD simulation and the green solid lines show MLP outputs . The pink dash-dotted lines show the,f sub X equals 3.,1,7,0,0,1,0,0,2.2,1,-0.31055642038561443,-0.2900965564376444
113,$ \pm $,0.013 &,Plus or minus.,1,5,1,0,0,0,0,2.0,0,-0.8499488626858642,0.0005674600094270377
and,$ \epsilon $,"is a UV cutoff . Since the spatial infinity of BTZ spacetime is timelike , one needs to impose a boundary condition , which is characterized by",epsilon.,1,10,1,0,0,0,0,2.5,0,-0.5829593695899182,0.0013971442479740921
,$ t_p $,stand for the,t sub p.,1,5,0,0,1,0,0,1.5,0,-0.8545567731059536,-0.008993867909922706
where the two coefficients,$ w_ { t } $,and,w at t,1,10,0,1,1,0,2,4.0,0,1.1289008319299951,0.22130572343184904
where,$ { \hat S } _ { \mu } ^ { { \cal M } { \cal M } ^ { \prime } } $,means that all the,"Hat S, subscript mu, superscript M, M prime.",1,63,5,2,1,2,12,19.3,0,12.43675177714636,0.4599428437543017
&,$ $ & $ 0.935 $ & $ 0.948\pm0.012 $ & $ 0.940 $ & $ 0.940 $ & $ $,,"0.935, 0.948 plus or minus 0.012, 0.940, 0.940",6,38,1,0,0,0,0,0.8833333333333333,0,-1.6184522382527557,169.39709112219137
: the number of pairs,"$ ( uv , c ) $",where,"u v, c",1,12,0,0,0,0,0,1.2000000000000002,0,-1.0514856324827437,-0.013320462188097109
& Set of all possible disturbances for all possible states estimated at time step,$ k $,,k,1,3,0,0,0,0,0,0.30000000000000004,0,-1.5320667200554465,-0.01481389381748181
-- which is always the case if,$ v_2 $,is in,v sub 2,1,5,0,0,1,0,0,1.5,0,-0.8545567731059536,-0.008993867909922706
is irreducible after omitting the bias,$ \mathbf { c } $,. Two dimensionality reduction matrices,c,1,15,1,1,0,0,2,5.0,0,1.4004982354460305,0.23169673558974585
if,$ \sigma $,has length,Sigma.,1,8,1,0,0,0,0,2.3,0,-0.6897551668282966,0.001065270552555276
71,$ \pm $,0.3 &,Plus or minus.,1,5,1,0,0,0,0,2.0,0,-0.8499488626858642,0.0005674600094270377
017,$ & $,0.0639,and,1,3,0,0,0,0,0,0.30000000000000004,0,-1.5320667200554465,-0.01481389381748181
and,$ \delta_ { ij } $,"denotes the Kronecker delta . Besides , noticing that",delta sub i j.,1,16,1,1,1,0,2,6.1,0,2.024610283776334,0.23735082464959553
the BER is equal to,$ 1 $,and,one,1,3,0,0,0,0,0,0.30000000000000004,0,-1.5320667200554465,-0.01481389381748181
propose to fit this,$ \beta $,"-coefficient to data for different types of feedback , like",Beta.,1,7,1,0,0,0,0,2.2,0,-0.7431530654474858,0.0008993337048458608
expressed in code units : absolute values of the black holes linear momentum components on the orbital plane,$ p_x $,and,p sub x,1,5,0,0,1,0,0,1.5,0,-0.8545567731059536,-0.008993867909922706
are complete graphs with,$ p-1 $,vertices .,p minus one,1,5,0,0,0,0,0,1.0,1,-0.9880663673351072,-0.2959165823452035
This finally leads to a modified expression for,$ g $,:,g,1,3,0,0,0,0,0,0.30000000000000004,0,-1.5320667200554465,-0.01481389381748181
induced by a suitable exchangeable pair,"$ \left ( X , X^ { \prime } \right ) $",can be derived in closed form . See e.g,"left parenthesis X, comma, X prime, right parenthesis.",1,36,3,1,0,1,2,11.1,0,4.472880053133832,0.06140119872176681
and,$ \rho $,", averaged over",rho.,1,6,1,0,0,0,0,2.1,0,-0.796550964066675,0.0007333968571364458
and has size,$ l ( t ) $,on a straight line . At time,l of t,1,9,0,0,0,0,0,0.9,0,-1.2116793283403113,-0.013818272731225333
for almost every,$ \omega $,", and",omega.,1,8,1,0,0,0,0,2.3,0,-0.6897551668282966,0.001065270552555276
such that,$ \Phi ' ( \kappa_ * ) = 0 $,", and","Phi prime, kappa star, equals zero.",1,26,2,0,1,0,0,7.6,2,2.291852329123349,-0.5382793582913261
Let,$ b $,be one of the component,b,1,3,0,0,0,0,0,0.30000000000000004,0,-1.5320667200554465,-0.01481389381748181
because,$ \mathbf { x } ( t ) $,does not approach,x of t as a function of time.,1,21,1,1,0,0,2,5.6,0,1.7208856271611659,0.23269235667600233
denote the number of players who assigned to the game,$ G $,the tag,G,1,3,0,0,0,0,0,0.30000000000000004,0,-1.5320667200554465,-0.01481389381748181
The pre-trained model takes three inputs : a navigation instruction,$ { I } $,", history information",capital I.,1,7,0,1,0,0,2,2.7,0,0.397992986361313,0.2153197606765805
and,$ 1.2-1.6 $,mag are,1.2 minus 1.6,1,9,0,0,0,0,0,1.4,1,-0.7744747728583504,-0.2952528349543659
meaning any element available to add to,$ x ' $,at this point induces a marginal gain less than,the derivative of x.,1,5,0,0,0,0,0,0.5,0,-1.4252709228170681,-0.014482020122062993
We investigated the effect of different types of text data used in pretraining,$ \mathcal { D } _ { \mathrm { text } } $,on the performance of our method . As described in,D sub text.,1,39,2,2,1,0,6,11.9,0,6.166512084004414,0.5694393285450713
% where,$ \hbar $,"is the reduced Planck constant ,",h-bar.,1,7,1,0,0,0,0,2.2,0,-0.7431530654474858,0.0008993337048458608
Assume,$ k $,is a field with characteristic exponent,k,1,3,0,0,0,0,0,0.30000000000000004,0,-1.5320667200554465,-0.01481389381748181
first because the plasma,$ \beta $,is of the order of,Beta.,1,7,1,0,0,0,0,2.2,0,-0.7431530654474858,0.0008993337048458608
is just,$ \Gamma $,.,Gamma.,1,8,1,0,0,0,0,2.3,0,-0.6897551668282966,0.001065270552555276
both,$ \pi_1 $,and,Pi sub 1.,1,7,1,0,1,0,0,3.2,0,-0.17243891573637143,0.0063874859169861485
We can then minimize,$ \varepsilon^2 $,under total shot budget,Epsilon squared.,1,15,1,0,0,1,0,4.0,0,0.4844119499284482,-0.20165234244633556
\epsilon < c1q^2T,"$ , $",,comma,1,3,0,0,0,0,0,0.30000000000000004,0,-1.5320667200554465,-0.01481389381748181
always holds for some,$ r > 0 $,by the definition of one-phase points .,r greater than zero,1,7,0,0,0,0,0,1.2000000000000002,1,-0.8812705700967288,-0.2955847086497847
of,"$ ( X , Y ) $",", with copula",X comma Y.,1,11,0,0,0,0,0,1.1,0,-1.104883531101933,-0.013486399035806503
The hierarchical decomposition of the dataset,$ X $,by the depth model can be expressed as,X,1,3,0,0,0,0,0,0.30000000000000004,0,-1.5320667200554465,-0.01481389381748181
&,$ 129^ { +25 } _ { -21 } $,&,one hundred twenty-one superscript plus twenty-five subscript minus twenty-one.,1,24,0,1,1,1,4,7.4,2,4.173222309900509,-0.45936688691591254
where,$ \alpha $,"is a learnable parameter , initialized to 0 , and learned by the model",Alpha.,1,8,1,0,0,0,0,2.3,0,-0.6897551668282966,0.001065270552555276
,$ \mu/\omega = 10^5 $,.,mu divided by omega equals ten to the power of five.,1,19,2,0,0,1,0,6.9,2,2.147734715500331,-0.7488082393702891
since they are progressively more independent of features,$ X_i^\ell $,and weights,X sub i superscript ell,1,10,1,0,1,1,0,4.5,0,0.7881366065436167,-0.1969938744727423
,$ t^2 ( t-1 ) ( t-9 ) ( t-25 ) $,,"t squared times t minus 1, times t minus 9, times t minus 25.",1,30,0,0,0,1,0,5.5,3,2.021672035530965,-1.058516456531606
&,$ 0.0000 $,,Zero point zero zero zero zero.,1,8,0,0,0,0,0,0.8,0,-1.2650772269595005,-0.013984209578934755
as QED corrections on these decays below,$ \mu_b $,scale will be process dependence . The muon mass is numerically of the order of the strong interaction scale,mu sub b.,1,7,1,0,1,0,0,3.2,0,-0.17243891573637143,0.0063874859169861485
If,$ R \to S $,"is cyclically pure ,",R implies S.,1,9,1,0,0,0,0,2.4,0,-0.6363572682091074,0.001231207400264684
and there exists a,$ t $,-reduced element,t,1,3,0,0,0,0,0,0.30000000000000004,0,-1.5320667200554465,-0.01481389381748181
Shapley values represent one possibility of fairly dividing the payoff of the grand coalition,$ \mathcal { N } $,among the players such that the amount of resources allocated to each is fair concerning the player 's contribution in any possible coalition within the game . The Shapley value,capital N,1,16,1,1,0,0,2,5.1,0,1.4538961340652197,0.23186267243745526
one standard deviation of,$ F_1 $,scores across the,F sub 1.,1,5,0,0,1,0,0,1.5,0,-0.8545567731059536,-0.008993867909922706
and,$ u_j $,". In the paper , we consider a concise but useful way , which is to evaluate the amounts of neighbors of",u sub j,1,5,0,0,1,0,0,1.5,0,-0.8545567731059536,-0.008993867909922706
assuming,$ \alpha = 0.5 $,provides a good fit to the normalization and functional form of the ejecta masses,Alpha equals zero point five.,1,14,1,0,0,0,0,3.4000000000000004,1,0.06783678036879943,-0.2793736705843288
By increasing,$ d $,"further , the energy of component-1 is larger than that of component-2 . The system shows a sandwich structure where component-1 is divided into two separated parts and component-2 is",d,1,3,0,0,0,0,0,0.30000000000000004,0,-1.5320667200554465,-0.01481389381748181
,$ & $,,and,1,3,0,0,0,0,0,0.30000000000000004,0,-1.5320667200554465,-0.01481389381748181
,$ r_2 ( \sigma ) $,are selected as follows . We suppose the constant,r sub 2 of sigma,1,16,1,0,1,0,0,4.1,0,0.30814217183633136,0.007880917546370849
,$ d^k : = z^ { k } -x^ { k } $,to find a better candidate,d to the power of k is defined as z to the power of k minus x to the power of k.,1,28,0,1,0,3,4,8.8,2,5.416863407510992,-0.8719496336029285
,$ many elements from the ground set $,,Many elements from the set.,1,35,0,0,0,0,0,3.5,0,0.17666603575860795,-0.00950391469078064
such that,$ G $,gates can implement arbitrary unitary on,G,1,3,0,0,0,0,0,0.30000000000000004,0,-1.5320667200554465,-0.01481389381748181
,$ s $,-Dimensional Matching } to an instance,s,1,3,0,0,0,0,0,0.30000000000000004,0,-1.5320667200554465,-0.01481389381748181
; we compute,$ \phi^0_h $,from the,phi superscript zero subscript h,1,10,1,0,1,1,0,4.5,0,0.7881366065436167,-0.1969938744727423
consists of many smaller datasets collected from,$ |\mathcal { D } | $,"different subsets , i.e . ,",absolute value of the set D.,1,19,1,1,0,0,2,5.4,0,1.6140898299227873,0.2323604829805835
and,$ \alpha $,rather than,Alpha.,1,8,1,0,0,0,0,2.3,0,-0.6897551668282966,0.001065270552555276
and its stable manifold intersect transversely the unstable manifold of,$ P_Y $,;,Probability of Y.,1,5,0,0,1,0,0,1.5,0,-0.8545567731059536,-0.008993867909922706
as well as their excited states with higher values of,$ n $,", can be obtained . For it , the related physical parameters comprise the quadratic dilaton coefficient",n,1,3,0,0,0,0,0,0.30000000000000004,0,-1.5320667200554465,-0.01481389381748181
against,$ \gamma_2 $,and,Gamma 2.,1,10,1,0,1,0,0,3.5,0,-0.012245219878803807,0.00688529646011438
,$ G ( 0 ) =0 $,and since,G of 0 equals 0.,1,12,0,0,0,0,0,1.7000000000000002,1,-0.6142810770007828,-0.29475502441123763
,"$ $ Thus , $ A_l^m = B_l^m=0 $ for $ ( \ell , m ) \ne ( 1 , 0 ) $ and $ $",A_1^0 = B_1^0 = -,"Thus, A sub l superscript m equals B sub l superscript m equals zero for ell comma m not equal to one comma zero.",4,47,2,0,2,2,0,3.1750000000000003,2,3.131674145623955,100.68781605412164
take arbitrary,$ \varphi ( s ) : =p_ { k } sp_ { k-1 } s\dots sp_ { 0 } $,and,"Phi of s is equal to p sub k, sup k minus 1, sup 0.",1,56,2,1,3,0,6,14.600000000000001,2,7.995605618892303,-0.12534990300564955
we take the addition modulo,$ 2\pi $,". % Similarly , we can split a spider into any number of connected spiders of the same color where the sum of the phases needs to be equal to",Two pi.,1,6,1,0,0,0,0,2.1,0,-0.796550964066675,0.0007333968571364458
HONO,$ & $,HONO,and,1,3,0,0,0,0,0,0.30000000000000004,0,-1.5320667200554465,-0.01481389381748181
Then for any subset,$ A $,of elements of,A,1,3,0,0,0,0,0,0.30000000000000004,0,-1.5320667200554465,-0.01481389381748181
Putting in the values of,$ A_1 $,and,A sub one.,1,5,0,0,1,0,0,1.5,0,-0.8545567731059536,-0.008993867909922706
above is equal for all,$ t $,with,t,1,3,0,0,0,0,0,0.30000000000000004,0,-1.5320667200554465,-0.01481389381748181
and,$ H^1 $,norm errors with different,H raised to the power of 1.,1,5,0,0,0,1,0,1.5,0,-0.6248890963946476,-0.2183611910549197
Let us assume that the theory contains a neutral scalar,$ \phi $,with Yukawa couplings to the fermions . In this case,phi.,1,6,1,0,0,0,0,2.1,0,-0.796550964066675,0.0007333968571364458
,$ 4-6 $,"keV , and",Four minus six.,1,5,0,0,0,0,0,1.0,1,-0.9880663673351072,-0.2959165823452035
be any Dehn twist about a non-separating essential simple closed curve on a closed surface,$ \Sigma $,with genus,Sigma.,1,8,1,0,0,0,0,2.3,0,-0.6897551668282966,0.001065270552555276
y,$ ^ { -1 } $,. This value is not far from the more recent values found in the literature : 17.7,to the power of negative one.,1,10,0,1,0,1,2,4.5,1,1.795773064123262,-0.2694961619362885
,$ dy $,. Note that in the hybrid control Fig.~,dy,1,4,0,0,0,0,0,0.4,0,-1.4786688214362573,-0.014647956969772401
from,$ \Gamma_1 $,to,Gamma one.,1,10,1,0,1,0,0,3.5,0,-0.012245219878803807,0.00688529646011438
85,$ $ \pm $ \scriptsize $ 0.63 $ & $ 9.51 $ $,,"plus or minus, zero point six three, nine point five one.",4,18,1,0,0,0,0,0.825,0,-1.6503659801877304,101.63760141052225
the probability that such a tree of order,$ k $,exists in,k,1,3,0,0,0,0,0,0.30000000000000004,0,-1.5320667200554465,-0.01481389381748181
,$ K_s $,"is the source 's background KB ,",K sub s.,1,5,0,0,1,0,0,1.5,0,-0.8545567731059536,-0.008993867909922706
&,$ \mathbf { R_p } $,&,R sub p.,1,17,1,1,1,0,2,6.2,0,2.0780081823955237,0.23751676149730494
-pages in the range,$ t > 0 $,or,t greater than zero,1,7,0,0,0,0,0,1.2000000000000002,1,-0.8812705700967288,-0.2955847086497847
summarizing what we have about,$ U_N^ { ( r ) } $,", with some theorems transformed into definitions , and vice versa . To be more precise :",U sub N superscript r,1,16,0,1,1,1,2,5.6,0,2.2496700500675506,0.01842217358524877
to state,$ \ket { 0 } $,is determined by,ket 0,1,12,1,1,0,0,2,4.7,0,1.2403045395884629,0.23119892504661763
~bits and the output Pauli operators by blocks of,$ 2 $,"~bits . That is , an",two,1,3,0,0,0,0,0,0.30000000000000004,0,-1.5320667200554465,-0.01481389381748181
we use the whole input sequence,$ \boldsymbol { x } $,to generate sentence embedding,x.,1,19,1,1,0,0,2,5.4,0,1.6140898299227873,0.2323604829805835
is sufficiently,$ C^1- $,close to,C to the power of one minus,1,6,0,0,0,1,0,2.1,1,-0.1342866422934977,-0.4996298164303508
,$ ^\textrm { \scriptsize 124 } $,",",124,1,30,2,1,0,1,2,9.0,0,3.577170601287493,0.04535609750402031
39E-3,$ \pm $,1.99E-3 & 4.03E-3,Plus or minus.,1,5,1,0,0,0,0,2.0,0,-0.8499488626858642,0.0005674600094270377
,$ e $,},e,1,3,0,0,0,0,0,0.30000000000000004,0,-1.5320667200554465,-0.01481389381748181
in which,$ \alpha $,and,Alpha.,1,8,1,0,0,0,0,2.3,0,-0.6897551668282966,0.001065270552555276
for a sufficiently large,$ n $,we have,n,1,3,0,0,0,0,0,0.30000000000000004,0,-1.5320667200554465,-0.01481389381748181
of the conditional mean and,$ q $,"for the conditional covariance , some interesting properties result , which are are formulated in the following lemma . For the proof we refer to",q,1,3,0,0,0,0,0,0.30000000000000004,0,-1.5320667200554465,-0.01481389381748181
Then there exists,$ \delta_c > 0 $,such that,delta sub c greater than zero.,1,14,1,0,1,0,0,4.4,1,0.638550930079914,-0.2738855183721885
and,$ ( i-1 ) $,,i minus one.,1,9,0,0,0,0,0,1.4,1,-0.7744747728583504,-0.2952528349543659
A spin-,$ 1/2 $,is encoded in a pair of internal states,One-half.,1,5,0,0,0,0,0,1.0,1,-0.9880663673351072,-0.2959165823452035
2,$ \pm1.4 $,& 35.1,Plus or minus 1.4.,1,8,1,0,0,0,0,2.3,0,-0.6897551668282966,0.001065270552555276
The prescribed initial cluster seed for the,$ n_k $,block can then be recovered with a shift by,n sub k,1,5,0,0,1,0,0,1.5,0,-0.8545567731059536,-0.008993867909922706
locally uniformly in,$ t $,", and strongly so when",t,1,3,0,0,0,0,0,0.30000000000000004,0,-1.5320667200554465,-0.01481389381748181
is the,$ l $,-th column of,l,1,3,0,0,0,0,0,0.30000000000000004,0,-1.5320667200554465,-0.01481389381748181
-polynomial on the domain,$ \mathcal { D } $,with respect to,D,1,16,1,1,0,0,2,5.1,0,1.4538961340652197,0.23186267243745526
is also independent of,$ C_\textbf { k } $,",",C sub k,1,17,1,1,1,0,2,6.2,0,2.0780081823955237,0.23751676149730494
6626,$ & $,-0.242,and,1,3,0,0,0,0,0,0.30000000000000004,0,-1.5320667200554465,-0.01481389381748181
,$ H \geq 0 $,", where",H is greater than or equal to zero.,1,10,1,0,0,0,0,2.5,0,-0.5829593695899182,0.0013971442479740921
at time,$ t $,( denoted as,t,1,3,0,0,0,0,0,0.30000000000000004,0,-1.5320667200554465,-0.01481389381748181
p,$ < $,0.01 } },less than,1,3,0,0,0,0,0,0.8,1,-1.0948621645734855,-0.2962484560406224
be the highest level of,"$ T_\infty ( f , \alpha ) $",containing a point of,"T sub infinity of f, alpha",1,25,2,0,1,0,0,6.5,0,1.364045319540238,0.02442382930724558
symmetric around the axis,$ n_1=n_2 $,[ Fig.~,n sub 1 equals n sub 2.,1,9,0,0,2,0,0,3.4,1,0.3669535265638785,-0.28427653053008534
EffNetv2 takes,$ 2.29hrs $,", and",two point two nine four,1,9,0,0,0,0,0,0.9,0,-1.2116793283403113,-0.013818272731225333
and,$ \Phi $,are uniquely determined by,Phi.,1,6,1,0,0,0,0,2.1,0,-0.796550964066675,0.0007333968571364458
minimize,$ x\mapsto Q ( A|x ) $,". Thus ,",x maps to Q of A given x.,1,20,1,0,0,0,0,3.5,0,-0.04898038339802622,0.0030565127250682146
contains an,$ ( 1-\eps ) $,-approximation to the distance of,One minus epsilon.,1,12,1,0,0,0,0,3.2,1,-0.038959016869578963,-0.27970554427974764
and,$ B $,"are all there is , the isomorphism can be understood from the Schmidt decomposition (",B,1,3,0,0,0,0,0,0.30000000000000004,0,-1.5320667200554465,-0.01481389381748181
since we demand that the orbifold does not fix any curve of,$ S $,", this reduces again the number of possible configurations .",S,1,3,0,0,0,0,0,0.30000000000000004,0,-1.5320667200554465,-0.01481389381748181
represents the mechanical power injection to generator bus,$ i $,",",i,1,3,0,0,0,0,0,0.30000000000000004,0,-1.5320667200554465,-0.01481389381748181
,$ \Delta_0 $,= 2.1,Delta sub zero.,1,10,1,0,1,0,0,3.5,0,-0.012245219878803807,0.00688529646011438
into two matrices,$ W $,and,W,1,3,0,0,0,0,0,0.30000000000000004,0,-1.5320667200554465,-0.01481389381748181
has,$ 2^D $,"complex components correspondingly . Similar to differential forms , we can define the fundamental operations exterior product",Two to the power of D.,1,5,0,0,0,1,0,1.5,0,-0.6248890963946476,-0.2183611910549197
we suppose that,"$ $ \mbox { $ x $ is anticomplete to $ \ { v_2 , v_7\ } $ . } $ $",If,x is anti-complete to the set containing v sub 2 and v sub 7.,4,23,0,1,2,0,2,1.575,0,0.5933184840838188,101.86063766342447
em For any prime number~,$ l $,", the",l,1,3,0,0,0,0,0,0.30000000000000004,0,-1.5320667200554465,-0.01481389381748181
6 s &,$ L_y $,& 150 cells,L sub y.,1,5,0,0,1,0,0,1.5,0,-0.8545567731059536,-0.008993867909922706
& &,$ \sqrt { } $,& &,square root.,1,11,1,1,0,0,2,4.6,0,1.1869066409692735,0.2310329881989082
-timestep embeddings with differentiated parameters,$ \theta $,", i.e . function",Theta.,1,8,1,0,0,0,0,2.3,0,-0.6897551668282966,0.001065270552555276
Since,$ \ga_ { q_ { k-1 } q_k } = \th_ { q_k } |_ { q_ { k-1 } ^\da } $,", it remains to show that","Gamma sub q sub k minus one q sub k equals theta sub q sub k, evaluated at q sub k minus one dagger.",1,63,3,2,7,1,10,24.3,3,14.803584021962195,-0.2592775129809604
we organize a unitary operation,$ W_Q $,with,W Q.,1,5,0,0,1,0,0,1.5,0,-0.8545567731059536,-0.008993867909922706
A hermetic veto system comprising,$ 1 $,~cm thick planes of scintillator surrounds the MAPP-1 detector . Each plane is assembled from,one,1,3,0,0,0,0,0,0.30000000000000004,0,-1.5320667200554465,-0.01481389381748181
432 galaxy clusters at z,$ \lesssim $,"1 from the DESI legacy imaging surveys . As the galaxy closest to the position of density peak is not always the BCG , they identified the",less than or approximately equal to.,1,10,1,0,0,0,0,2.5,0,-0.5829593695899182,0.0013971442479740921
-form on,$ D $,. The boundary condition for,D,1,3,0,0,0,0,0,0.30000000000000004,0,-1.5320667200554465,-0.01481389381748181
yellow =,$ 3 $,and black =,three,1,3,0,0,0,0,0,0.30000000000000004,0,-1.5320667200554465,-0.01481389381748181
for every,$ i $,and,i,1,3,0,0,0,0,0,0.30000000000000004,0,-1.5320667200554465,-0.01481389381748181
and,$ c_2 $,respectively . For,c sub 2,1,5,0,0,1,0,0,1.5,0,-0.8545567731059536,-0.008993867909922706
corresponds to,$ R_M $,through,R sub M.,1,5,0,0,1,0,0,1.5,0,-0.8545567731059536,-0.008993867909922706
,$ \mcS $,", consisting of tensor products of only Pauli",S,1,6,1,0,0,0,0,2.1,0,-0.796550964066675,0.0007333968571364458
monotone : Take,"$ u , v \in V $",then similarly to,"u, v belong to V",1,13,1,0,0,0,0,2.8,0,-0.4227656737323507,0.0018949547911023372
&,$ m_\mathrm { DM } $,,m sub D M,1,18,1,1,1,0,2,6.3,0,2.131406081014713,0.23768269834501438
and integers,"$ t , p $",. The question is whether there is a subcollection,"t, p",1,7,0,0,0,0,0,0.7000000000000001,0,-1.3184751255786897,-0.014150146426644163
For,$ 12 \leq n \leq 18 $,", we use the MATLAB software to calculate the spectral radii of","12 is less than or equal to n, and n is less than or equal to 18.",1,19,2,0,0,0,0,3.4000000000000004,0,0.26902419141037204,0.015813280853963187
that is generated by the commutators of,$ G $,. We say that,G,1,3,0,0,0,0,0,0.30000000000000004,0,-1.5320667200554465,-0.01481389381748181
The other components are defined over an extension of,$ k $,of degree at most,k,1,3,0,0,0,0,0,0.30000000000000004,0,-1.5320667200554465,-0.01481389381748181
Let,$ X_ { ( i ) } $,denote the,X sub i.,1,14,0,1,1,0,2,4.4,0,1.3424924264067521,0.2219694708226867
of a trail,$ T $,is the sum ( in,T,1,3,0,0,0,0,0,0.30000000000000004,0,-1.5320667200554465,-0.01481389381748181
of the form,$ \Anotball x r y $,with the obvious semantics . The rest of the proof is concerned with turning the outside quantifiers into a local sentence .,A not bar x r y,1,17,1,0,0,0,0,3.2,0,-0.20917407925559386,0.0025587021819399834
% where,$ \beta=1/T $,and,Beta equals one divided by T.,1,11,1,0,0,0,0,3.6,2,0.34484763999319273,-0.5613060433505976
We integrate the position of the particle according to,$ \tau $,", the proper time , however we want to set the observer 's time step",Tau.,1,6,1,0,0,0,0,2.1,0,-0.796550964066675,0.0007333968571364458
indicates that,$ Y $,decreases mutual information while,Y,1,3,0,0,0,0,0,0.30000000000000004,0,-1.5320667200554465,-0.01481389381748181
since the columns of,$ \Phi_3 $,are still a valid orthonormal basis of,Phi sub 3.,1,8,1,0,1,0,0,3.3,0,-0.11904101711718226,0.006553422764695557
,$ k $,-dependent ) mean field %,k,1,3,0,0,0,0,0,0.30000000000000004,0,-1.5320667200554465,-0.01481389381748181
We will denote such a random variable with,"$ \Xi_ { l , i } ( \chi^2_1 , K ) $",". Likewise ,",Xi sub l comma i open parenthesis chi squared sub 1 comma K close parenthesis.,1,33,2,1,2,1,2,11.3,0,4.87879259656729,0.05683021247142913
when,$ v $,lies in,v,1,3,0,0,0,0,0,0.30000000000000004,0,-1.5320667200554465,-0.01481389381748181
according to the metric,$ g $,",",g,1,3,0,0,0,0,0,0.30000000000000004,0,-1.5320667200554465,-0.01481389381748181
and,"$ J_ { 1 } , \dots , J_ { p_2 } $",so that :,"J sub 1, dot dot dot, J sub p sub 2",1,31,1,1,3,0,4,9.6,0,4.588967022401924,0.3345687509529618
and,$ \Thetar $,"involves compressing the parametric and temporal evolution of the M-HF and FS-HF solutions at the same time . Notably , since each parametric evaluation entails 21 time steps , this",theta r,1,9,1,0,0,0,0,2.4,0,-0.6363572682091074,0.001231207400264684
For the purposes of,$ p $,"-adic interpolation , we will consider the modified Hida canonical periods . For any primitive Hida family",p,1,3,0,0,0,0,0,0.30000000000000004,0,-1.5320667200554465,-0.01481389381748181
,$ i $,and,i,1,3,0,0,0,0,0,0.30000000000000004,0,-1.5320667200554465,-0.01481389381748181
we define the additive error,$ \epsilon ( x ) $,as :,Epsilon of x.,1,16,1,0,0,0,0,3.1,0,-0.2625719778747831,0.0023927653342305684
&,$ \Theta $,[ K ] &,Theta.,1,8,1,0,0,0,0,2.3,0,-0.6897551668282966,0.001065270552555276
La,$ _ { 1-x } $,Nd,One minus x.,1,11,0,1,1,0,2,4.6,1,1.6195032860311451,-0.05996290194358212
provide another way to see the mod 8 anomaly of,$ ( -1 ) ^ { F_\text { L } } $,in,minus one raised to the power of F sub L,1,28,1,2,1,1,4,10.8,1,5.6194395610509895,-0.016501759230664135
and concatenate it with,$ F_ { m } $,and flatten the result to obtain the fused visual features with global textual information which is denoted as,F sub m.,1,10,0,1,1,0,2,4.0,0,1.1289008319299951,0.22130572343184904
,$ Q $,",",Q,1,3,0,0,0,0,0,0.30000000000000004,0,-1.5320667200554465,-0.01481389381748181
A similar transformation applies if,$ J $,contains the original node,J,1,3,0,0,0,0,0,0.30000000000000004,0,-1.5320667200554465,-0.01481389381748181
Let,$ \mathfrak a_0 $,be as in,frak a sub zero,1,15,1,0,1,0,0,4.0,0,0.25474427321714216,0.007714980698661434
m,$ until a graph with the above properties is found . The corresponding $,,until a graph with the above properties is found.,1,70,0,0,0,0,0,7.0,0,2.0455924874302305,-0.003696125020951211
,"$ is zero , every $",E,"zero, every.",1,17,0,0,0,0,0,1.7000000000000002,0,-0.7844961393867976,-0.01249077794955004
,$ M $,) per pillar . Spatial coordinates of pillars and number of events in it are recorded . Note that dense representation (,M,1,3,0,0,0,0,0,0.30000000000000004,0,-1.5320667200554465,-0.01481389381748181
when the rewiring frequency is,$ F=0 $,,F equals zero.,1,5,0,0,0,0,0,1.0,1,-0.9880663673351072,-0.2959165823452035
and variance,$ dt $,",",delta t.,1,4,0,0,0,0,0,0.4,0,-1.4786688214362573,-0.014647956969772401
a strategy profile,$ \Sigma $,associated with,Sigma.,1,8,1,0,0,0,0,2.3,0,-0.6897551668282966,0.001065270552555276
Note that the positive definiteness of,$ H_ { \bar { c } } ( x ) $,and,H sub c bar of x,1,25,1,2,1,0,4,9.0,0,4.22165948328904,0.46831416338220494
is divisible by,$ 4 $,; the other cases ' proofs are similar . We will show that for any two elements ( say,four,1,3,0,0,0,0,0,0.30000000000000004,0,-1.5320667200554465,-0.01481389381748181
Moreover,$ \inf_x t_x^ { ( \alpha ) } \geq t_0 > 0 $,.,Infinity sub x t sub x to the power of alpha is greater than or equal to t sub 0 greater than 0.,1,41,3,1,3,1,2,15.100000000000001,1,6.889216550845083,-0.20273922262640584
0 & ~ & ~ & & ~~~~ & ~ &,$ \Omega_ { bbc8 } B^ * _ { c8 } $,& ~ & 18708.7 & ~ & ~ &,Omega sub b b c 8 B star sub c 8,1,32,1,1,2,1,4,10.2,1,5.30923715321438,-0.15606719756746637
81~,$ \pm $,~0.08 & 0.89 & 0.39 & 0.13 & 1 & 0.0 & 1 & -- & -- & 1.17~,Plus or minus.,1,5,1,0,0,0,0,2.0,0,-0.8499488626858642,0.0005674600094270377
and,$ \Omega \subset X $,an open set . The total variation norm of,Omega is a subset of X.,1,18,2,0,0,0,0,4.8,0,0.41954587949479916,0.017774119161139416
equation where,$ l $,is the symmetry of the orbital wave function,l,1,3,0,0,0,0,0,0.30000000000000004,0,-1.5320667200554465,-0.01481389381748181
of,$ C $,is defined by :,C,1,3,0,0,0,0,0,0.30000000000000004,0,-1.5320667200554465,-0.01481389381748181
,$ 1 $,} with eigenvalues,one,1,3,0,0,0,0,0,0.30000000000000004,0,-1.5320667200554465,-0.01481389381748181
,$ \lambda ' $,is the partition obtained by exchanging the rows and columns of,Lambda prime.,1,11,1,0,0,0,0,2.6,0,-0.529561470970729,0.0015630810956835071
through an angle,$ \gamma $,such that,Gamma.,1,8,1,0,0,0,0,2.3,0,-0.6897551668282966,0.001065270552555276
representing the total external force components along the,$ \boldsymbol { Z } $,axis of the inertial frame are then added to the altitude control of the baseline attitude controller to enforce the total thrust magnitude for compensating the external forces caused by,Z.,1,19,1,1,0,0,2,5.4,0,1.6140898299227873,0.2323604829805835
for greater,$ Z $,", there is a smaller number of ions , and the first-order moderate-coupling correction to",Z,1,3,0,0,0,0,0,0.30000000000000004,0,-1.5320667200554465,-0.01481389381748181
where,$ i $,"now represents each galaxy in a given pixel , and",i,1,3,0,0,0,0,0,0.30000000000000004,0,-1.5320667200554465,-0.01481389381748181
53,$ \pm $,0.06 & 0.13,Plus or minus.,1,5,1,0,0,0,0,2.0,0,-0.8499488626858642,0.0005674600094270377
The average normalized performance in period,$ t $,is then computed as follows : %,t,1,3,0,0,0,0,0,0.30000000000000004,0,-1.5320667200554465,-0.01481389381748181
we give lift,$ c_l ( t ) $,and drag,c sub l of t,1,11,0,0,1,0,0,2.1,0,-0.5341693813908185,-0.00799824682366623
reflected on,$ \mathcal { T } $,". In other words , the learning algorithms try to capture the underlying pattern of the population , based on what is observed on the sample . Naturally , in",tee,1,16,1,1,0,0,2,5.1,0,1.4538961340652197,0.23186267243745526
with,$ z $,as an index . The outage duration is represented by,z,1,3,0,0,0,0,0,0.30000000000000004,0,-1.5320667200554465,-0.01481389381748181
where the constant may depend on the integrability exponent,$ p < \infty $,and the multi-index,p is less than infinity.,1,12,1,0,0,0,0,3.2,1,-0.038959016869578963,-0.27970554427974764
consider that there exists nonzero probability that,$ |\hat { \eta } ( \mathbf { x } ) -\eta ( \mathbf { x } ) | $,"is arbitrarily large , we project the result into",Absolute value of the hat eta of x minus eta of x.,1,60,5,1,0,0,6,13.0,1,7.377977215740134,0.18117884005660667
75,$ \pm $,2.1 & 76.08,Plus or minus.,1,5,1,0,0,0,0,2.0,0,-0.8499488626858642,0.0005674600094270377
such that every,"$ ( \eps , \delta ) $",-differentially private algorithm,"(epsilon, delta)",1,19,2,0,0,0,0,4.9,0,0.4729437781139884,0.017940056008848824
are then given in terms of,$ C $,through eqs .,C,1,3,0,0,0,0,0,0.30000000000000004,0,-1.5320667200554465,-0.01481389381748181
hyperbolic surfaces with,$ n $,geodesic boundaries of length,n,1,3,0,0,0,0,0,0.30000000000000004,0,-1.5320667200554465,-0.01481389381748181
em In case of an odd,$ r $,:,r,1,3,0,0,0,0,0,0.30000000000000004,0,-1.5320667200554465,-0.01481389381748181
for some partition,$ \mathcal { P } $,of,P in calligraphic font.,1,16,1,1,0,0,2,5.1,0,1.4538961340652197,0.23186267243745526
is the Lipschitz constant of the exponential map at,$ p $,", we obtain by applying Lemma~",p,1,3,0,0,0,0,0,0.30000000000000004,0,-1.5320667200554465,-0.01481389381748181
We denote this problem by,$ F^ { ( k ) } $,". The hope is that entanglement obeys a direct sum theorem of sorts , that is , if the players need at least",F to the power of k.,1,14,0,1,0,1,2,4.4,0,1.572160103118058,0.012602147677689666
defined on,"$ ( t_1 , t_2 ) $",as,"t sub 1, t sub 2.",1,15,0,0,2,0,0,3.5,0,0.25013636279705276,-0.0018463472206882957
with independence on,$ n $,will yield uniform boundedness of the left-hand side of,n,1,3,0,0,0,0,0,0.30000000000000004,0,-1.5320667200554465,-0.01481389381748181
satisfying,"$ $ \E [ X^2 ( t ) ] =P \quad \mbox { for any $ t\ge 0 $ } , $ $",where,E of X squared of t equals P for any t greater than or equal to 0.,3,10,1,0,0,0,0,0.8333333333333334,0,-1.5816183424763979,67.75795802774131
is,$ O ( d_2^ { -3 } ) $,. However the constant,O of d sub 2 to the power of negative 3.,1,19,0,1,1,1,2,6.4,1,2.8470683014070794,-0.26251457809476353
belong to,$ V_p $,for,V sub p.,1,5,0,0,1,0,0,1.5,0,-0.8545567731059536,-0.008993867909922706
Hence to show that,$ \hat { m } $,"is flat , we first observe that the restrictions to the components",m-hat symbol.,1,12,1,1,0,0,2,4.7,0,1.2403045395884629,0.23119892504661763
&,$ 0.93 $,,0.93: None,1,6,0,0,0,0,0,0.6000000000000001,0,-1.371873024197879,-0.014316083274353571
is a rotation vector with respect to the parameter,$ a $,. Simply discussion shows that when,a,1,3,0,0,0,0,0,0.30000000000000004,0,-1.5320667200554465,-0.01481389381748181
& 57,$ \pm $,7.71 & 46.5,Plus or minus.,1,5,1,0,0,0,0,2.0,0,-0.8499488626858642,0.0005674600094270377
over,$ Q $,. % Let,Q,1,3,0,0,0,0,0,0.30000000000000004,0,-1.5320667200554465,-0.01481389381748181
,$ \beta $,",",Beta.,1,7,1,0,0,0,0,2.2,0,-0.7431530654474858,0.0008993337048458608
For,$ k\in \mathbb N $,", let",k belongs to the set of natural numbers.,1,16,2,0,0,0,0,4.6,0,0.31275008225642065,0.017442245465720593
44,$ \pm $,0.07 & Multi Component & Peaked,Plus or minus.,1,5,1,0,0,0,0,2.0,0,-0.8499488626858642,0.0005674600094270377
and,$ \phi $,were discussed in,phi.,1,6,1,0,0,0,0,2.1,0,-0.796550964066675,0.0007333968571364458
an enhanced critical current can be observed compared to that for,$ \alpha=0 $,. A subtle point is that this enhancement is not due to the actual coupling between,Alpha equals zero.,1,10,1,0,0,0,0,3.0,1,-0.14575481410795735,-0.28003741797516646
% %,"$ $ % % where $ \tau_2=\min\ { \mu_ { \sigma } , 2\mu_ { x } \ } $ . % % $ $",% %,x,3,52,5,2,3,0,6,6.233333333333333,1,7.494484217495542,68.08540801738417
The change-of-basis matrix from,$ B $,to,B,1,3,0,0,0,0,0,0.30000000000000004,0,-1.5320667200554465,-0.01481389381748181
the number,$ F $,"of extra 2-cells determines the minimum genus , that is",F,1,3,0,0,0,0,0,0.30000000000000004,0,-1.5320667200554465,-0.01481389381748181
and thus,"$ $ \mbox { $ V ( G ) =A_5\cup A_7\cup \ { b_3 , d_1\ } \cup L $ . } $ $",We will show that,"V of G equals A sub 5 union A sub 7 union open brace b sub 3, d sub 1 union L close brace.",3,52,3,1,4,0,2,4.3999999999999995,1,4.87067668921617,67.7506467416237
type,$ 3 $,} } for a quadruple of disjoint objects,three,1,3,0,0,0,0,0,0.30000000000000004,0,-1.5320667200554465,-0.01481389381748181
and,$ \beta $,are independent of the choice of the dyadic system,Beta.,1,7,1,0,0,0,0,2.2,0,-0.7431530654474858,0.0008993337048458608
to,$ b ' $,"must pass by this lower arc , which contradicts the fact that",b prime,1,5,0,0,0,0,0,0.5,0,-1.4252709228170681,-0.014482020122062993
When,$ \gamma_1 $,in,Gamma one.,1,10,1,0,1,0,0,3.5,0,-0.012245219878803807,0.00688529646011438
We know that,$ h $,is nonnegative on,h,1,3,0,0,0,0,0,0.30000000000000004,0,-1.5320667200554465,-0.01481389381748181
,$ \Omega \subset \mathbb { R } ^d $,",",Omega is a subset of the set of real numbers to the power of d.,1,33,3,1,0,1,2,10.8,0,4.312686357276265,0.06090338817863857
to,$ d+1 $,. Hence any lower bound for,d plus one,1,5,0,0,0,0,0,1.0,1,-0.9880663673351072,-0.2959165823452035
The main result proven in this appendix formulates a condition that guarantees that we can express colimits in,$ s\mathrm { T } '\alg $,in terms of those in,ess tee prime alpha gee,1,22,2,1,0,0,2,7.2,0,2.3496055859115588,0.24790777365520175
whose hyperedges correspond to copies of,$ F $,in,F,1,3,0,0,0,0,0,0.30000000000000004,0,-1.5320667200554465,-0.01481389381748181
we review the description of the endomorphism algebra,$ \End_ { G ( F ) } \left ( \ind_ { K } ^ { G ( F ) } ( \rho ) \right ) $,for a depth-zero type,close parenthesis,1,71,5,1,2,1,6,19.6,0,9.877798844321134,0.27578939140574593
For,"$ G\in\ { \C , \D\ } $",the operator,G belongs to the set consisting of C and D.,1,20,3,1,0,0,2,8.5,0,2.8181318488043843,0.262625380091273
and an absolute constant,$ C > 0 $,such that any tube of width,C is greater than zero.,1,7,0,0,0,0,0,1.2000000000000002,1,-0.8812705700967288,-0.2955847086497847
an,$ R $,-module,R,1,3,0,0,0,0,0,0.30000000000000004,0,-1.5320667200554465,-0.01481389381748181
which shall be excluded when calculating,$ b_3 $,. This concludes the proof of Lemma,b sub 3,1,5,0,0,1,0,0,1.5,0,-0.8545567731059536,-0.008993867909922706
For each patient,$ p_i $,", the set of current diagnoses is denoted by",p sub i.,1,5,0,0,1,0,0,1.5,0,-0.8545567731059536,-0.008993867909922706
Given an IMF,$ f_ { \rm IMF } $,"in terms of stellar mass per logarithmic mass , we can determine the fraction",f sub IMF,1,16,1,1,1,0,2,6.1,0,2.024610283776334,0.23735082464959553
-,$ n $,described in Sec.~,n,1,3,0,0,0,0,0,0.30000000000000004,0,-1.5320667200554465,-0.01481389381748181
&,$ 1.0000 $,&,One point zero zero zero zero.,1,8,0,0,0,0,0,0.8,0,-1.2650772269595005,-0.013984209578934755
\hat \beta,"$ , $",,comma,1,3,0,0,0,0,0,0.30000000000000004,0,-1.5320667200554465,-0.01481389381748181
we define,$ v_i '' $,to be the piecewise linear interpolation of,v sub i double prime,1,8,0,0,1,0,0,1.8,0,-0.694363077248386,-0.008496057366794468
on the moduli space,$ \mathcal { MRG } ( S_g \setminus \vg ; \Delta ) $,.,"Mathcal M R, open parenthesis, S sub g set minus v g, semicolon, Delta, close parenthesis.",1,49,4,1,1,0,2,13.9,0,5.512707118603188,0.28797518101847625
of a graph,$ G $,is a tuple,G,1,3,0,0,0,0,0,0.30000000000000004,0,-1.5320667200554465,-0.01481389381748181
Now let,$ J_n $,be a set of,J sub n.,1,5,0,0,1,0,0,1.5,0,-0.8545567731059536,-0.008993867909922706
we will first investigate the sum,$ \sum_ { n > qY } $,. To evaluate this inner line integral in,Sum over n greater than qY.,1,18,1,1,1,0,2,6.8,1,2.5686106364966736,-0.04375186387812622
uniformly in,$ t $,. We insert the step functions,t,1,3,0,0,0,0,0,0.30000000000000004,0,-1.5320667200554465,-0.01481389381748181
we can show that the operator,$ -u '' +w_Pu $,is itself positive on,Negative u double prime plus w sub P u.,1,13,0,0,1,0,0,3.3,2,0.4470355268114817,-0.5705354975745286
to an arbitrary state,$ c $,"in the same basin . These trajectories , starting from a stable fixed point",c,1,3,0,0,0,0,0,0.30000000000000004,0,-1.5320667200554465,-0.01481389381748181
and has,"$ M ( u ' ) =M ( v , c ) $",". Then , since","M of u prime equals M of v, c.",1,24,0,0,0,0,0,2.9000000000000004,1,0.026493706429487694,-0.29276378223872473
,$ \alpha_ { n-1 } $,is a closed form ;,Alpha sub n minus 1.,1,17,1,1,1,0,2,6.7,1,2.5152127378774845,-0.04391780072583563
,$ N \neq M $,". Hence , this gives the error value equivalent to",N not equal to M,1,10,1,0,0,0,0,2.5,0,-0.5829593695899182,0.0013971442479740921
denote the mapping class group of a nonorientable surface of genus,$ g $,with,g,1,3,0,0,0,0,0,0.30000000000000004,0,-1.5320667200554465,-0.01481389381748181
if at the beginning the protocol asks player,$ i $,a query at point,i,1,3,0,0,0,0,0,0.30000000000000004,0,-1.5320667200554465,-0.01481389381748181
- the set of continuous features not including,$ f_i $,. The derivation of the equation,f sub i.,1,5,0,0,1,0,0,1.5,0,-0.8545567731059536,-0.008993867909922706
during,$ T $,", totally",T,1,3,0,0,0,0,0,0.30000000000000004,0,-1.5320667200554465,-0.01481389381748181
we show that,"$ K_ { 2,3 } $",is an induced minor of every long prism . Let,"K sub 2,3",1,12,0,1,1,0,2,4.2,0,1.2356966291683735,0.22163759712726788
one has that for bigger values of,$ M $,and,M,1,3,0,0,0,0,0,0.30000000000000004,0,-1.5320667200554465,-0.01481389381748181
will be time-dependent even when,"$ w_ { a , b , c , d } =0 $",". Due to the assumed chaotic nature of the eigenstates , one can infer no spatial correlation between","w sub a, b, c, d equals zero",1,25,0,1,1,0,2,6.0,1,2.367073866699794,-0.05763978607565035
of task,$ i $,from,i,1,3,0,0,0,0,0,0.30000000000000004,0,-1.5320667200554465,-0.01481389381748181
125,$ ^ { +0.003 } _ { -0.002 } $,& 16.0,"plus 0.003, minus 0.002.",1,27,0,1,1,1,4,7.7,2,4.333416005758076,-0.4588690763727843
and,$ D $,depending only upon the Born kinematics . The full result is,D,1,3,0,0,0,0,0,0.30000000000000004,0,-1.5320667200554465,-0.01481389381748181
,$ \pm $,,Plus or minus.,1,5,1,0,0,0,0,2.0,0,-0.8499488626858642,0.0005674600094270377
,$ P_ { \mathrm { max } } $,"in Fig . 3 , whose left and right half illustrates the RIS-TX and CscdChn scheme , respectively . As shown by Fig . 3 , RIS-TX scheme significantly outperforms",P sub max.,1,24,1,2,1,0,4,8.9,0,4.1682615846698505,0.4681482265344955
,$ 0.02 $,&,0.02: None,1,6,0,0,0,0,0,0.6000000000000001,0,-1.371873024197879,-0.014316083274353571
satisfying,$ v_\ { \rm\ A^2-2x_\ { \rm\ A^ { -1 } =v_\ { \rm\ B^2-2x_\ { \rm\ B^ { -1 } $,. The positions,v sub A minus 2 x sub A inverse equals v sub B minus 2 x sub B inverse,1,76,4,5,4,4,8,29.6,5,19.68629664128777,-1.0860228285192812
&,$ 1 $,&,one,1,3,0,0,0,0,0,0.30000000000000004,0,-1.5320667200554465,-0.01481389381748181
